Est√° muy claro el ortodoxo Daniel Mart√≠nez, se reuni√≥ con el Sr Presidente, con Mujica y con el Sr. Miranda, no hay lugar para moderados. #LoNuevoSeViene.
Daniel Mart√≠nez habl√© de EE.UU. y ? Jeje . C√≥mo todos ellos aman la riqueza, el poder. Y ac√° "se viste de pobrecito". Ajjjjj asco! Cero honestidad.
"La f√≥rmula no la va a definir Daniel Mart√≠nez. Si Carolina Cosse hubiera esta arriba del 30% la f√≥rmula estaba definida, pero hoy es claramente sustituible", dijo Botinelli, aunque se√±al√≥ que va a ser paritaria
Daniel Martinez quiere convencer a su hija para vice  pero quiere seguir viviendo en EEUU.
El que diga que no va a votar a Daniel Mart√≠nez que venga a hablar conmigo.
bueno pero ahora estan hablando de psicoanalisis en vez de daniel martinez creo que hice algo bueno.
Todo bien con Daniel Mart√≠nez pero yo la quer√≠a a ella y ten√≠a tremenda ilusi√≥n...pero bueno el premio consuelo es el 4to.
Luis Lacalle Pou fue el candidato m√°s votado de todos los partidos con 240.943 votos. En segundo lugar estuvo Daniel Mart√≠nez con 107.023 y en tercero Ernesto Talvi con 97.447. ¬°Imponente votaci√≥n de Luis Lacalle Pou!
DANIEL MARTINEZ PRESIDENTE
Pong√°mosle los "peros" que quieras (que son "internas no obligatorias", que la interna del FA estaba casi definida, etc, etc), pero Daniel Martinez sac√≥ solo 15000 votos m√°s que Sartori. Se puede seguir ech√°ndole la culpa a las Fake News o reconocer q Martinez es p√©simo candidato
Y en las nacionales qui√©n va a ser el que va a ir para que hagan mierda a Daniel Mart√≠nez?
Felicitaciones ing Daniel Martinez vamos arriba que vamos por 4to gobierno
Daniel Mart√≠nez ha sido capaz de arrimar gente de afuera, felicitaciones.
El Pepe, Daniel Mart√≠nez, Astori, se dieron vuelta como una tortilla, al confirmar AHORA que en Venezuela hay dictadura. Por los votos baila el mono.
Es para aplaudir de pie ....Organizaciones de izquierda de la regi√≥n respaldaron candidatura de Daniel Mart√≠nez y Graciela Villar. Perd√≥n por no entender la valent√≠a de defender gente que subi√≥ la pobreza y la desocupaci√≥n y desfinanci√≥ EL üá∫üáæ.
Excelente presentaci√≥n de la f√≥rmula Daniel Martinez - Graciela Villar !! üëèüèªüëèüèª #Xun4FA ‚úåÔ∏è‚ù§Ô∏èüá∫üáæüí™
Pelado chanta! Hace s√≥lo 2 meses cuando una periodista le pregunt√≥ si lo que hab√≠a en Venezuela era una dictadura contest√≥:‚Äùno te me pongas sem√°ntica‚Äù Digno candidato de la caterva de inmorales del FA. Ahora hay que preguntar a Daniel Martinez si mantiene lo que dijo de la URSS
A Cosse le falta car√°cter en su discurso. Daniel Mart√≠nez de por s√≠ es una masa hablando y con Cosse se potencian. No dudo para nada de la capacidad de Carolina pero Villar tiene lo que ni Cosse ni Mart√≠nez tienen, una oratoria que mueve. Yo en esta lo banco al pelado
MI VOTO ES PARA EL PELADO HOY DANIEL MART√çNEZ, FRENTE AMPLIO , Y LO ACAMPA√ëA QUIEN???? LA VILLLAAAAAAAAAR LA VILLAR MI AMOOOOOOR VAMOS LA VILLAR MI AMOOOOOR LA CONCHA DE TU MADRE DERECHITO A UN GOBIERNO NEOLIBERAL
Daniel Mart√≠nez busca su compa√±era para Vicepresidenta en donde?.... Qu√© requiere?... Qu√© debe tener? El que le haga una aFAnosa APP se llena $$$ jaa
Incapaz nunca dije. Creo que est√°n poniendo una desconocida para no tener otro sendic, para no dar flancos. Eso es desleal y me calienta porque Daniel Mart√≠nez hasta ahora ven√≠a 0 falta.
Si todos los deconocidos son como tabare ya te digo que graciela villar es en esta vice y el la otra candidata a presidenta,cualidades e inteligencia no le falta,algun dia mas temprano que tarde vamos a agradecer a Daniel martinez por haberla elegido ,guarden este tuit
en la intendencia desde que el FA la gana,y todos fuimos y la votamosa. As√≠ que el que no esta de acuerdo con Daniel tiene las puertas abiertas para irse,entre ellos el pepe,fue el que le puso mas piedras  en el camino. VIVA EL FRENTE AMPLIO  VAMOS POR EL 4TO  CON DANIEL MARTINEZ
Daniel Mart√≠nez aprob√≥ en 2007 el plan de inversiones que provoc√≥ en Ancap un d√©ficit de U$S 800 MM, as√≠ lo afirm√≥ el ex director de la empresa Juan G√≥mez; tambi√©n llev√≥ a la Intendencia a su endeudamiento actual que asciende a U$S 203 MM. Sin dudas, un gran administrador.
Por favor, no hostiguen a Daniel Mart√≠nez. Ya sufri√≥ mucho en Miami cuando se enter√≥ que no quedaba talle de la camisa Polo que tanto le gustaba, mientras su suplente en la Intendencia hablaba contra el consumismo que promueve Estados Unidos.
Si las pr√≥ximas elecciones las gana Daniel Mart√≠nez (FA) cierro la cuenta de #Twitter y abro una en #Tinder   Todav√≠a sigue con el servicio de guardar tuits estimado Sr.  ?
No cabe dudas de que Daniel Mart√≠nez abrio una cuenta en Tinder para buscar "candidata"
El compa√±ero Daniel Mart√≠nez efectu√≥ una muy amplia ronda de consulta, escucha e intercambio. Publica, porque as√≠ lo merecen l frenteamplistas. Las filtraciones y el manejo de nombres no se le pueden atribuir, asumo. Un√°monos en trabajar por y para el 4FA
Ah si!!! Villar es la gran candidata a Vice de Daniel Martinez una vez la vi ayudar a cruzar la calle a un anciano #Uruguay se lo merece
A esta hora Daniel Mart√≠nez est√° de conversaciones con Pelusa Vera. Ampliaremos.
Mientras los pseudoprogres nos preocupamos por tecnicismos  y medimos izquierdismos, la derecha avanza. Mi objetivo, es el #4FA por un desarrollo equitativo del pa√≠s, con Daniel Mart√≠nez mejor a√∫n, con otro/a tambi√©n, acompa√±o proyectos, no personas. #EnOctubreVotoFA
Jajajajaja ¬øNo pod√©s refutar a Tabar√© V√°zquez? ¬øQu√© pasa, te duele la cola? No soy colorado, no hincho por ning√∫n partido. Si voto a los Colorados es porque Lacalle Pou es un idiota y Daniel Mart√≠nez un inservible que no pudo ni con una ciudad.
DANIEL MART√çNEZ PRESIDENTE SIGA MINTIENDO UD QUIERE OTRO MACRI O BOLSONARO PERO NO LO VAN A LOGRAR SIGA SU CAMINO
Que alegria la cara de daniel martinez
Daniel Mart√≠nez en conversaciones con Karina/Gaspar Gaspar/Karina
Desmienten que Ver√≥nica Alonso habr√≠a hecho gestiones para ofrecerse como acompa√±ante de f√≥rmula de Daniel Martinez en el Frente Amplio.
por eso la hija de Daniel Mart√≠nez estudia en Estados Unidos en una Universidad Privada
Daniel Martinez? ?? Que es incapaz de elegir una vice,  que los comunistas le dijeron que ya eligiera su compa√±ero/a y dejara de manosear gente?
DANIEL MART√çNEZ PONETE A LABURAR Y DEJA DE PERDER TIEMPO TOMANDO MATE. QUIEN ASESORA AL FRENTE???
Vine a lo de mi madre y son√≥ el timbre. Esper√°s a alguien? ( le dije a mi madre) - No atiendas, deja...debe ser Daniel Mart√≠nez ofreciendo la Vice.
Por que Daniel Mart√≠nez se va de vacacio es a Estados Unidos? Por que sus hijas estudian en ese pa√≠s cuna del asqueroso capitalismo?
Hasta me dio pena por un momento Daniel Martinez yendo casa por casa para ver si alguna compa√±era aceptaba ser su candidata a vicepresidente de la rep√∫blica. Ninguna agarr√≥ viaje por ahora.
Es incre√≠ble la soledad en la que el FA dej√≥ a Daniel Mart√≠nez. As√≠ han gobernado. Venden la unidad y el amor eterno que no tienen, es mas lo esconden diciendo que se aman. Y ah√≠ est√° Daniel...yendo de la casa de una a lo de la otra a ofrecer la Vice...impresiona.
Daniel Martinez cero carisma, Talvi todav√≠a inmaduro, Lacalle honesto, trabajador, comprometido y carism√°tico,....... por lo tanto y sin discusiones : Lacalle Pou pr√≥ximo Presidente !!!
Y si te queres morir en la indigencia y la pobreza extrema sin medicamentos ni comida tipo Venezuela vota a Daniel Mart√≠nez ,que el y todo el FA apuntan y apoyan ese modelo!!! D√≥nde estudia la hija de Martinez??
Mucho huevo Daniel Mart√≠nez, si pierde, pierde solo, pero se la banco entera la presi√≥n. Ya lo hab√≠an cagado con Ana Olivera hace 10 a√±os. Bien devuelta
Solo la vi una vez por foto, pero hoy me hipnotizo Graciela Villar la compa√±era que eligi√≥ Daniel Martinez para completar su f√≥rmula. Me encant√≥ con que pasi√≥n mencion√≥ sus fuertes convicciones. Apoyarlos ser√° mi objetivo para lograr un 4to Gobierno del FA
Por favor, un poco de cabeza, LA MUJER QUE ACOMPA√ëA A DANIEL MARTINEZ ES UNA EX COMUNISTA, quiere eliminar la propiedad privada. POR FAVOR!!!! Quieren terminar siendo Cuba?
Tras anunciarse la f√≥rmula del Frente Amplio Daniel Mart√≠nez - Graciela Villar, miles de uruguayos colapsan el servidor de Google buscando qui√©n es Graciela Villar".
Lo mas incre√≠ble de todo el proceso (mamarrachesco) para elegir vice de  Daniel Martinez, es el apuro que tiene pa liquidar el tema porque se tiene que ir de vacaciones a EEUU.. Que pague la multa y cambie el pasaje! pero le dedique un poco de pienso al tema..
