Yo a los √∫nicos que considero capaces de dirigir el pais, son a Talvi y D.Martinez, principalmente Talvi
lo mas triste es que no le hace ning√∫n favor a Amorin Batlle que es un se√±or. Dos veces lo escuch√© en el programa de Abel Duarte despotricando contra sus "colegas" encuestadores y contra Talvi, un disparate atr√°s del otro. Un impresentable
El da√±o ya esta hecho  queda muy debilitado y seguro muchos votantes de el se iran con Talvi. Estos resultados complican al PN
Realmente creo que la pulseada va a estar entre Talvi y Martinez
Lo que ayuda a unos (talvi y andrade) entierra a otros
En hora buena Nando! Arriba Talvi! Jaja abzo
Talvi presidente ! Abran mercados de una vez !!!! Somos un pais chico necesitamos guita de afuera y punto
Ojal√° gane talvi las elecciones porque les juro que salto en una pata
No estoy ni estar√© nunca de acuerdo con la derogaci√≥n de leyes que beneficien al pueblo, para mi los derechos estan por encima de todo lo demas ü§∑üèª‚Äç‚ôÄÔ∏è  Aun as√≠ creo que el candidato mas competente es Talvi, sin considerar el equipo de los demas candidatos
A Talvi no le doy mi voto por soberbio y boc√≥n. Gran amigo del boca Andrade. Si no entrega el partido de nuevo al FA como en 2004.
Exacto, y somos muchos los que pensamos igual. No ha sido buena la actitud de  y de los otros candidatos blancos en general... siempre Vite al partido Nacional, y hoy ya NO me siento tan orgullosamente blanca. Votare a Talvi, es m√°s coherente.
Talvi propone una reforma de la negociaci√≥n colectiva en donde pauta que va a predominar la negociacion por empresa siempre que haya acuerdo. En la ley 18.566 tu fundamento sobre las pymes para reformarla ya est√° previsto. No se coman la galleta, Talvi es neoliberalismo.
Y despu√©s Don Sabiondo Talvi te dice que est√° b√°rbaro para que vengan Venezolanos y Cubanos. En las empresas privadas est√° cruel sobre todo para los Orientales mayores de 50! Adem√°s llegan aqu√≠ porque no les queda otra. Se aburren. Pasan re fr√≠o. Sub Empleos. Pol√≠ticas de schock!
Talvi est√° equivocando el pais para lanzarse a la pol√≠tica. Su perfil es muy aporte√±ado con esas actitudes de denostar desde el pedestal. Y por suerte a Sartori le gan√≥ alguien que ni siquiera bajo al barro para responderle !!!
Talvi, hablando mal de Sartori, y diciendo de Manini que "no se necesitan mes√≠as", ha sido, junto a los temas program√°ticos claros, el motivo que me llev√≥ a votarlo.  Lo contrario es "la pol√≠tica del ombligo", sumando cualquier pelusa.
Que miedo que tienen, viva Batlle Talvi Presidente viva el Partido Colorado !!++
Reitero, Talvi desilusiona. El d√≠a de las internas llama x telef. al comunista Andrade que representa lo peor de la historia humana, millones de muertos reg√≠menes autoritarios genocidios, fracaso total,  y se rasga las vestiduras sacando de contexto dichos de Manini? falta √©tica.
TALVI SE DESINFLA EN OCTUBRE , YA SE PELEO Y HABLO MAL DE MANINI , POSIBLE COOPERANTE , COMO PIENSA RECOMPONER ESA RELACION SI GANA ? IMPOSIBLE , LE FALTA TACTO POLITICO , BUEN ECONOMISTA , MAL POLITICO .
Sisi Talvi es respetuoso inteligente educado, acad√©mico PERO ES NEOLIBERAL MARTA NUNCA JAMAS DE LOS JAMASES POR M√ÅS INTEGRA QUE SEA UNA PERSONA PONDR√â MI VOTO AH√ç la puta madre a esta gente  que vota sin ideolog√≠a hay que explicarle todooooo
¬øDe qu√© se rie? Su candidato Talvi fue director del CERES, think thank yanqui. Promovi√≥ absolutamente todas las pol√≠ticas econ√≥micas que llevaron a la crisis del 2002, y es tan cag√≥n que cuando Jorge Battle lo fue a buscar para ministro dijo que no. Invesrigue
Talvi esta Arrogante por ganarle a Sanguinetti. Pero no ve que el PI casi no existe. Novik Manini y hasta te dire que Maneco. Tienen mas votos que Mieres!.. jajajaa  Talvi esta Mareadito!.
Talvi les gana. #LoNuevoSeVino
Talvi presidente ! Abran mercados de una vez !!!! Somos un pais chico necesitamos guita de afuera y punto
"Queremos que el Partido Colorado para octubre est√© fuerte. Quer√≠amos que todos los que vamos a trabajar estemos c√≥modos con la f√≥rmula y tuve la suerte de que los dos (Sanguinetti y Amor√≠n) abrazaron esta posibilidad", dijo Talvi.
Creo que Talvi err√≥ en la b√∫squeda del vice , no creo que este habilitado, veremos como se fundamenta.
Felicitaciones!!! Sin lugar a dudas Talvi eligio a un gran compa√±ero de formula pero por sobre todas las cosas eligio a una gran persona.Abrazo y vamo arriba.
Talvi se cree m√°s de lo que es , le falta humildad .
Talvi te promete seriedad, y de pique te encaja un vice inhabilitado por Ley electoral.  Qu√© papel√≥n, muchachos.
Lo nuevo se viene, con nuestro futuro Presidente Ernesto Talvi y Vice Presidente Robert Silva!!
Vamos Talvi üñêüëèüá∫üáæ
No se porque no estoy militando a talvi maldita sea
-Yo votaba al frente pero estoy tan disgustado que ahora voy a votar a talvi. -Muchas gracias por su testimonio se√±or cabeza de termo.
Lamento informarte que vas a tener que votar a Talvi ahre
Lo estoy pensando seriamente. Si Pedro Bordaberry se presenta al Senado dentro del Partido Colorado, obviamente que estar√© a su lado. Es la √∫nica forma de achicarle la bancada al sexagenario de Talvi.
Si alguien tiene un jefe que le aument√≥ el sueldo porque a su empresa le fue bien y creci√≥. Por favor que me lo cuente y me lo presente. Creo que voy y lo abrazo como pidi√≥ Talvi. El empresario te dice: agradec√© que todav√≠a ten√©s trabajo, si no te gusta ya sab√©s...
Talvi criticando la inversion de UPM por las condiciones del contrato!!! Seguramente los acuerdos que firmo el en los 90 con el FMI y por la venta del Bco Pan de Azucar fueron muchos mas favorable para los uruguayos. VERGUENZA AJENA ME DA. CARA DE PIEDRA!!!
Poco cre√≠ble radar. Meta darle para adelante a talvi
¬øEn su empresa no le dan los n√∫meros? No se preocupe. Con Talvi presidente le daremos todas las facilidades para echar a sus trabajadores.
Yo tambi√©n adhiero a la Declaraci√≥n Universal de los D.D. H.H.  Una gran conquista liberal. ¬°Talvi presidente!
Que gane Talvi jajajaaj que gane cualquiera menos el Frente
Brillante Roberto Silva , candidato a Vice de Talvi , discurso con conocimiento enfocado en la educaci√≥n , lenguaje conciliador , objetivos , planes , evaluaci√≥n , mejora continua .... cuanta falta hace ! Seguro , sin titubeos , franco y con solvencia , vamos que vamos !
Talvi es muy suave a mi parecer, le hace demasiado juego a la izquierda.   Su programa es casi el mismo que LP, pero en personalidad pierde para √©l.  Ojo es mi visi√≥n
Y si me hablas del Economista, repasa la prensa de los 90. Talvi estuvo en la venta del B pan de Az√∫car, era miembro del Banco Central, tambien pronostic√≥ en 1999 que los pr√≥ximos a√±os serian de prosperidad econ√≥mica y vino el 2002 Le vas a creer ahora.
Ahora si me convencieron. Es momento de votar al ECONOMISTA Ernesto Talvi. Gracias se√±or troll.
Talvi aparenta soberbia. No quiere decir que quiz√°s no sea un buen gobernante. Pero desde el principio me di√≥ esa impresi√≥n con lo del cartel de ‚Äúeconomista‚Äù.
Claramente. Por eso la √∫nica opci√≥n real de cambio es, por lo menos para m√≠, el economista Ernesto Talvi
‚ÄúSanguinetti puede ser un gran consejero pero no tiene por qu√© ser" vicepresidente. Ahora Talvi se cree el Mes√≠as del Partido Colorado tiene mucha arrogancia y puede salir perdedor.
Talvi  sos 1 payaso Manini te pasa para adentro.
Una cosa criticar y otra tergiversar los dichos de alguien. Eso √∫ltimo, de honestidad no tiene nada. Talvi tergivers√≥ los dichos de Manini con respecto al tema de los inmigrantes venezolanos. No me agrada Manini, pero desagradan mucho las tergiversaciones.
Talvi dice las mismas pavadas que el Kuki le erra como a las peras pero tiene "lindos modos" al decir de mi madre...üòÅ
